;wykryte;nienaprawialne;niewykryte;bledy;;;;;;;;wykryte;nienaprawialne;niewykryte;bledy
0;6237;577;22;6259;;1);;;;;;5887;500;7;5901
1;6210;549;21;6231;;;ŒREDNIA BLEDOW;;ODCH. BLEDOW;;;5915;502;7;5929
2;6181;601;20;6201;;;6162,49;;66,95;;;5946;507;7;5960
3;6093;539;12;6105;;;;;;;;5962;510;8;5980
4;6224;613;24;6248;;;ŒREDNIA WYKRYTYCH;;ODCH. WYKRYTYCH;;;5968;511;8;5983
5;6118;542;10;6128;;;6144,37;;66,97;;;5969;513;8;5986
6;6203;528;21;6224;;;;;;;;5969;514;8;5986
7;6034;587;16;6050;;;ŒREDNIA NIENAPRAWIALNYCH;;ODCH. NIENAPRAWIALNYCH;;;5969;515;8;5998
8;6264;590;19;6283;;;570,27;;24,45;;;5979;515;9;6004
9;6065;557;24;6089;;;;;;;;5983;517;9;6008
10;6197;593;17;6214;;;ŒREDNIA NIEWYKRYWALNYCH;;ODCH. NIEWYKRYTYCH;;;5984;518;9;6008
11;6183;569;19;6202;;;18,13;;4,4;;;5990;519;9;6008
12;6087;555;10;6097;;;;;;;;5991;519;9;6013
13;6092;593;24;6116;;;;;;;;5998;520;9;6013
14;6174;545;18;6192;;;;;;;;5999;520;9;6015
15;6263;576;17;6280;;;;;;;;5999;520;9;6016
16;5990;520;18;6008;;;;;;;1;6000;521;10;6017
17;6081;577;15;6096;5887;500;7;5901;min;;2;6001;521;10;6017
18;6244;581;25;6269;6102;554;15;6118;Q1;;3;6002;521;10;6018
19;6067;554;15;6082;6145;570;18;6164;mediana;;4;6003;522;10;6022
20;6163;562;27;6190;6186;586;21;6204;Q3;;5;6003;523;10;6024
21;6192;566;12;6204;6398;655;34;6415;max;;6;6007;523;10;6024
22;6278;587;18;6296;;;;;;;7;6008;523;10;6025
23;6100;553;15;6115;;;;;;;8;6009;523;10;6032
24;6157;541;14;6171;;;;;;;9;6010;523;10;6032
25;6248;565;14;6262;;;STATYSTYKA 5-punktowa;;;;10;6013;524;10;6033
26;6165;621;21;6186;;;;;;;11;6014;524;10;6034
27;6120;578;15;6135;;;BLEDY;;;;12;6016;524;10;6034
28;6153;565;19;6172;;;;;;;13;6018;524;10;6035
29;6097;580;18;6115;;;Q1;5901;;;14;6018;524;10;6036
30;6190;571;20;6210;;;Q2;6118;;;15;6019;525;10;6037
31;6166;580;17;6183;;;Q3;6164;;;16;6019;525;10;6037
32;6185;568;22;6207;;;Q4;6204;;;17;6020;525;10;6038
33;6236;578;20;6256;;;Q5;6415;;;18;6021;526;10;6038
34;6047;571;20;6067;;;;;;;19;6022;526;11;6038
35;6196;603;22;6218;;;WYKRYTE;;;;20;6023;527;11;6039
36;6084;587;14;6098;;;;;;;21;6024;527;11;6041
37;6102;562;11;6113;;;Q1;5887;;;22;6025;527;11;6041
38;6170;586;16;6186;;;Q2;6102;;;;6025;527;11;6044
39;6086;586;21;6107;;;Q3;6145;;;;6026;527;11;6044
40;6197;588;18;6215;;;Q4;6186;;;;6026;527;11;6044
41;6084;540;18;6102;;;Q5;6398;;;;6028;527;11;6045
42;6154;553;17;6171;;;;;;;;6028;528;11;6045
43;6119;551;11;6130;;;NIENAPRAWIALNE;;;;;6028;528;11;6046
44;6126;560;22;6148;;;;;;;;6028;528;11;6047
45;6086;553;13;6099;;;Q1;500;;;;6029;528;11;6048
46;6162;537;18;6180;;;Q2;554;;;;6029;530;11;6048
47;6210;586;20;6230;;;Q3;570;;;;6029;530;11;6048
48;6159;553;12;6171;;;Q4;586;;;;6030;530;11;6049
49;6197;521;20;6217;;;Q5;655;;;;6031;530;11;6050
50;6164;582;21;6185;;;;;;;;6032;530;11;6050
51;6138;519;25;6163;;;NIEWYKRYWALNE;;;;;6033;530;11;6052
52;6255;554;18;6273;;;;;;;;6034;531;11;6052
53;6203;579;22;6225;;;Q1;7;;;;6035;531;11;6053
54;6120;575;23;6143;;;Q2;15;;;;6035;531;11;6053
55;6118;537;23;6141;;;Q3;18;;;;6038;531;11;6053
56;6128;576;25;6153;;;Q4;21;;;;6039;532;11;6055
57;6220;595;13;6233;;;Q5;34;;;;6039;532;11;6057
58;6155;549;16;6171;;;;;;;;6040;532;11;6057
59;6026;597;18;6044;;;;;;;;6041;532;11;6058
60;6174;583;16;6190;;;;;;;;6041;533;11;6059
61;6178;615;14;6192;;;;;;;;6041;533;11;6060
62;6201;607;18;6219;;;;;;;;6041;533;11;6060
63;6110;572;18;6128;;;;;;;;6042;533;11;6061
64;6188;561;19;6207;;;;;;;;6043;533;12;6061
65;6134;578;11;6145;;;;;;;;6043;533;12;6063
66;6177;566;14;6191;;;;;;;;6044;533;12;6063
67;6160;558;24;6184;;;;;;;;6044;533;12;6063
68;6240;574;18;6258;;;;;;;;6045;534;12;6063
69;6029;548;18;6047;;;;;;;;6046;534;12;6063
70;6150;559;19;6169;;;;;;;;6046;534;12;6065
71;6158;561;17;6175;;;;;;;;6046;535;12;6065
72;6122;572;20;6142;;;;;;;;6047;535;12;6065
73;6184;536;14;6198;;;;;;;;6047;535;12;6066
74;6124;607;24;6148;;;;;;;;6048;535;12;6066
75;6163;583;13;6176;;;;;;;;6048;535;12;6067
76;6028;551;16;6044;;;;;;;;6049;535;12;6067
77;6132;565;15;6147;;;;;;;;6049;535;12;6067
78;6196;578;25;6221;;;;;;;;6049;536;12;6068
79;6157;579;19;6176;;;;;;;;6050;536;12;6069
80;6122;615;22;6144;;;;;;;;6050;536;12;6069
81;6072;604;19;6091;;;;;;;;6051;536;12;6069
82;6003;572;19;6022;;;;;;;;6051;536;12;6069
83;6175;570;17;6192;;;;;;;;6051;536;12;6070
84;6185;547;14;6199;;;;;;;;6051;537;12;6070
85;6203;575;13;6216;;;;;;;;6051;537;12;6071
86;6162;597;13;6175;;;;;;;;6052;537;12;6071
87;6145;585;21;6166;;;;;;;;6053;537;12;6072
88;6110;543;18;6128;;;;;;;;6053;537;12;6073
89;6122;561;20;6142;;;;;;;;6054;537;12;6074
90;6126;564;18;6144;;;;;;;;6054;537;12;6074
91;6216;615;21;6237;;;;;;;;6055;537;12;6074
92;6040;531;20;6060;;;;;;;;6056;538;12;6075
93;6069;599;20;6089;;;;;;;;6056;538;12;6075
94;6109;574;17;6126;;;;;;;;6056;538;12;6075
95;6114;563;24;6138;;;;;;;;6056;538;12;6075
96;6151;541;25;6176;;;;;;;;6057;538;12;6076
97;6117;602;24;6141;;;;;;;;6058;538;12;6076
98;6076;567;14;6090;;;;;;;;6058;539;13;6076
99;6127;599;21;6148;;;;;;;;6059;539;13;6077
100;6210;557;15;6225;;;;;;;;6059;539;13;6077
101;6238;587;16;6254;;;;;;;;6061;539;13;6079
102;6176;560;17;6193;;;;;;;;6062;539;13;6079
103;6075;551;9;6084;;;;;;;;6062;539;13;6080
104;6155;572;12;6167;;;;;;;;6062;539;13;6080
105;6173;586;26;6199;;;;;;;;6062;540;13;6081
106;6148;545;15;6163;;;;;;;;6063;540;13;6082
107;6153;600;15;6168;;;;;;;;6063;540;13;6083
108;6210;592;16;6226;;;;;;;;6064;540;13;6083
109;6105;629;18;6123;;;;;;;;6064;540;13;6083
110;6113;542;14;6127;;;;;;;;6064;540;13;6083
111;6132;569;26;6158;;;;;;;;6064;540;13;6084
112;6117;551;10;6127;;;;;;;;6064;541;13;6084
113;5946;551;14;5960;;;;;;;;6065;541;13;6085
114;6170;579;17;6187;;;;;;;;6065;541;13;6085
115;6174;571;24;6198;;;;;;;;6065;541;13;6085
116;6272;601;26;6298;;;;;;;;6066;541;13;6086
117;6071;546;24;6095;;;;;;;;6066;541;13;6086
118;6028;556;18;6046;;;;;;;;6066;541;13;6087
119;6237;559;17;6254;;;;;;;;6066;541;13;6087
120;6129;562;20;6149;;;;;;;;6067;541;13;6087
121;6250;550;15;6265;;;;;;;;6067;542;13;6087
122;6014;537;19;6033;;;;;;;;6068;542;13;6087
123;6003;527;14;6017;;;;;;;;6068;542;13;6088
124;6089;531;11;6100;;;;;;;;6068;542;13;6089
125;6180;552;11;6191;;;;;;;;6069;542;13;6089
126;6066;510;13;6079;;;;;;;;6069;542;13;6089
127;6010;587;22;6032;;;;;;;;6071;542;13;6089
128;6165;560;15;6180;;;;;;;;6071;543;13;6090
129;6187;618;21;6208;;;;;;;;6072;543;13;6090
130;6202;609;18;6220;;;;;;;;6072;543;13;6090
131;6220;577;15;6235;;;;;;;;6072;543;13;6091
132;6162;556;19;6181;;;;;;;;6073;543;13;6091
133;6224;548;18;6242;;;;;;;;6073;543;13;6091
134;6252;576;19;6271;;;;;;;;6073;543;13;6091
135;6094;538;23;6117;;;;;;;;6074;544;13;6092
136;6109;553;20;6129;;;;;;;;6075;544;13;6092
137;6148;605;21;6169;;;;;;;;6075;544;13;6092
138;6169;541;28;6197;;;;;;;;6075;544;13;6092
139;6132;574;13;6145;;;;;;;;6075;544;13;6092
140;6007;565;17;6024;;;;;;;;6075;544;13;6093
141;6180;568;11;6191;;;;;;;;6075;544;13;6093
142;6173;579;19;6192;;;;;;;;6076;544;13;6094
143;6186;556;13;6199;;;;;;;;6076;544;13;6094
144;6180;584;15;6195;;;;;;;;6076;545;14;6095
145;6127;629;22;6149;;;;;;;;6077;545;14;6095
146;6208;558;21;6229;;;;;;;;6077;545;14;6096
147;6204;544;7;6211;;;;;;;;6078;545;14;6096
148;6115;532;21;6136;;;;;;;;6078;545;14;6096
149;6113;574;15;6128;;;;;;;;6078;545;14;6096
150;6314;577;20;6334;;;;;;;;6079;545;14;6097
151;6160;574;11;6171;;;;;;;;6079;546;14;6097
152;6131;615;13;6144;;;;;;;;6079;546;14;6097
153;6076;546;20;6096;;;;;;;;6080;546;14;6098
154;6291;577;21;6312;;;;;;;;6080;546;14;6098
155;6026;580;11;6037;;;;;;;;6081;546;14;6098
156;6160;538;15;6175;;;;;;;;6081;546;14;6099
157;6105;571;15;6120;;;;;;;;6081;546;14;6099
158;6106;596;24;6130;;;;;;;;6081;546;14;6099
159;6217;586;26;6243;;;;;;;;6081;546;14;6100
160;6103;558;20;6123;;;;;;;;6082;546;14;6100
161;6162;562;16;6178;;;;;;;;6082;546;14;6100
162;6103;570;13;6116;;;;;;;;6082;546;14;6100
163;6063;593;20;6083;;;;;;;;6083;546;14;6100
164;6115;554;20;6135;;;;;;;;6083;547;14;6100
165;6118;558;21;6139;;;;;;;;6083;547;14;6101
166;6212;507;12;6224;;;;;;;;6084;547;14;6101
167;5999;577;9;6008;;;;;;;;6084;547;14;6102
168;6048;572;19;6067;;;;;;;;6084;547;14;6102
169;6124;556;17;6141;;;;;;;;6084;547;14;6102
170;6216;577;17;6233;;;;;;;;6084;547;14;6102
171;6148;558;34;6182;;;;;;;;6085;547;14;6102
172;6096;565;17;6113;;;;;;;;6085;547;14;6103
173;6128;527;22;6150;;;;;;;;6086;547;14;6103
174;6113;572;27;6140;;;;;;;;6086;547;14;6103
175;6113;596;21;6134;;;;;;;;6086;548;14;6103
176;5983;536;30;6013;;;;;;;;6086;548;14;6104
177;6165;553;19;6184;;;;;;;;6086;548;14;6104
178;6195;576;17;6212;;;;;;;;6086;548;14;6104
179;6171;594;14;6185;;;;;;;;6086;548;14;6105
180;6139;561;21;6160;;;;;;;;6087;548;14;6105
181;6018;565;21;6039;;;;;;;;6087;548;14;6105
182;6172;592;23;6195;;;;;;;;6087;548;14;6106
183;6139;561;19;6158;;;;;;;;6088;548;14;6106
184;6097;583;22;6119;;;;;;;;6088;548;14;6106
185;6071;545;20;6091;;;;;;;;6088;548;14;6106
186;6009;550;28;6037;;;;;;;;6088;548;14;6106
187;6156;595;18;6174;;;;;;;;6088;549;14;6106
188;6180;587;15;6195;;;;;;;;6088;549;14;6106
189;6025;582;16;6041;;;;;;;;6089;549;14;6106
190;6246;620;14;6260;;;;;;;;6089;549;14;6106
191;6162;571;16;6178;;;;;;;;6089;549;14;6107
192;6131;544;14;6145;;;;;;;;6089;549;14;6107
193;6256;574;9;6265;;;;;;;;6089;549;14;6107
194;6120;592;30;6150;;;;;;;;6089;549;14;6107
195;6107;553;17;6124;;;;;;;;6089;549;14;6107
196;6133;595;30;6163;;;;;;;;6090;549;14;6107
197;6148;596;22;6170;;;;;;;;6090;549;14;6107
198;6144;568;14;6158;;;;;;;;6090;549;14;6108
199;6056;520;23;6079;;;;;;;;6090;549;14;6108
200;6193;609;25;6218;;;;;;;;6090;550;14;6108
201;6149;537;7;6156;;;;;;;;6091;550;14;6108
202;6160;581;20;6180;;;;;;;;6091;550;14;6109
203;6118;552;17;6135;;;;;;;;6092;550;14;6109
204;6002;528;22;6024;;;;;;;;6092;550;14;6109
205;6127;573;24;6151;;;;;;;;6092;550;14;6109
206;6108;558;15;6123;;;;;;;;6092;550;14;6110
207;6175;562;16;6191;;;;;;;;6093;550;14;6110
208;6178;611;25;6203;;;;;;;;6093;550;15;6110
209;6129;575;14;6143;;;;;;;;6093;550;15;6110
210;6082;559;15;6097;;;;;;;;6093;550;15;6110
211;6086;606;16;6102;;;;;;;;6093;550;15;6111
212;6244;585;18;6262;;;;;;;;6093;551;15;6111
213;6155;597;17;6172;;;;;;;;6094;551;15;6111
214;6240;599;19;6259;;;;;;;;6094;551;15;6111
215;6092;545;15;6107;;;;;;;;6094;551;15;6111
216;6219;572;21;6240;;;;;;;;6094;551;15;6111
217;6212;559;17;6229;;;;;;;;6095;551;15;6111
218;6180;591;26;6206;;;;;;;;6095;551;15;6111
219;6276;546;15;6291;;;;;;;;6095;551;15;6111
220;6106;582;19;6125;;;;;;;;6095;551;15;6112
221;6129;579;19;6148;;;;;;;;6095;551;15;6112
222;6209;539;14;6223;;;;;;;;6095;551;15;6112
223;6067;584;22;6089;;;;;;;;6096;551;15;6112
224;6181;633;22;6203;;;;;;;;6096;552;15;6112
225;6148;559;22;6170;;;;;;;;6097;552;15;6112
226;6145;570;26;6171;;;;;;;;6097;552;15;6112
227;6158;589;25;6183;;;;;;;;6097;552;15;6112
228;6151;580;20;6171;;;;;;;;6097;552;15;6112
229;6240;587;23;6263;;;;;;;;6098;552;15;6113
230;6152;541;18;6170;;;;;;;;6098;552;15;6113
231;6212;558;11;6223;;;;;;;;6098;552;15;6113
232;6194;588;17;6211;;;;;;;;6098;552;15;6114
233;6198;617;22;6220;;;;;;;;6099;552;15;6115
234;6181;567;27;6208;;;;;;;;6099;553;15;6115
235;6052;565;19;6071;;;;;;;;6099;553;15;6115
236;6110;567;22;6132;;;;;;;;6100;553;15;6115
237;6047;560;16;6063;;;;;;;;6100;553;15;6115
238;6180;560;24;6204;;;;;;;;6100;553;15;6116
239;6153;566;17;6170;;;;;;;;6100;553;15;6116
240;6136;576;21;6157;;;;;;;;6100;553;15;6116
241;6246;593;15;6261;;;;;;;;6100;553;15;6116
242;6162;594;12;6174;;;;;;;;6101;553;15;6116
243;6062;565;15;6077;;;;;;;;6101;553;15;6117
244;6204;578;8;6212;;;;;;;;6101;553;15;6117
245;6138;537;15;6153;;;;;;;;6101;553;15;6117
246;6187;609;20;6207;;;;;;;;6101;553;15;6117
247;6182;568;19;6201;;;;;;;;6101;553;15;6118
248;6130;634;22;6152;;;;;;;;6102;554;15;6118
249;6105;549;16;6121;;;;;;;;6102;554;15;6118
250;6249;652;19;6268;;;;;;;;6102;554;15;6119
251;6141;530;13;6154;;;;;;;;6102;554;15;6119
252;6103;579;21;6124;;;;;;;;6103;554;15;6119
253;6376;566;10;6386;;;;;;;;6103;554;15;6119
254;6289;601;14;6303;;;;;;;;6103;554;15;6120
255;6183;582;19;6202;;;;;;;;6103;554;15;6120
256;6179;565;20;6199;;;;;;;;6103;554;15;6120
257;6140;574;16;6156;;;;;;;;6103;554;15;6120
258;6229;610;20;6249;;;;;;;;6103;554;15;6120
259;6237;634;16;6253;;;;;;;;6103;554;15;6121
260;6195;581;10;6205;;;;;;;;6103;554;15;6121
261;6195;530;17;6212;;;;;;;;6103;554;15;6122
262;6228;551;13;6241;;;;;;;;6104;554;15;6122
263;6132;563;14;6146;;;;;;;;6104;554;15;6123
264;6090;573;17;6107;;;;;;;;6105;554;15;6123
265;6114;596;25;6139;;;;;;;;6105;554;15;6123
266;6131;533;15;6146;;;;;;;;6105;555;15;6123
267;6041;550;14;6055;;;;;;;;6105;555;15;6123
268;6168;592;22;6190;;;;;;;;6105;555;15;6123
269;6059;574;15;6074;;;;;;;;6105;555;15;6124
270;6075;571;18;6093;;;;;;;;6106;555;15;6124
271;6127;584;16;6143;;;;;;;;6106;555;15;6124
272;6143;597;15;6158;;;;;;;;6106;556;15;6124
273;6236;606;10;6246;;;;;;;;6106;556;15;6125
274;6147;551;12;6159;;;;;;;;6106;556;15;6125
275;6114;575;11;6125;;;;;;;;6107;556;15;6125
276;6138;547;14;6152;;;;;;;;6107;556;15;6125
277;6022;548;13;6035;;;;;;;;6107;556;15;6125
278;6029;546;21;6050;;;;;;;;6107;556;15;6125
279;6181;577;23;6204;;;;;;;;6107;556;15;6125
280;6267;595;12;6279;;;;;;;;6107;556;15;6125
281;6107;534;23;6130;;;;;;;;6107;556;15;6125
282;6149;571;11;6160;;;;;;;;6107;556;16;6126
283;6095;553;17;6112;;;;;;;;6107;556;16;6126
284;6191;567;21;6212;;;;;;;;6108;556;16;6126
285;6141;597;17;6158;;;;;;;;6108;557;16;6126
286;6263;594;17;6280;;;;;;;;6108;557;16;6126
287;6130;581;12;6142;;;;;;;;6108;557;16;6127
288;6199;584;25;6224;;;;;;;;6108;557;16;6127
289;6076;590;13;6089;;;;;;;;6109;557;16;6127
290;6186;562;19;6205;;;;;;;;6109;557;16;6127
291;6089;540;17;6106;;;;;;;;6109;557;16;6127
292;5979;500;25;6004;;;;;;;;6109;557;16;6127
293;6107;584;17;6124;;;;;;;;6109;557;16;6127
294;6083;560;19;6102;;;;;;;;6109;557;16;6127
295;6226;551;21;6247;;;;;;;;6110;557;16;6128
296;6143;572;21;6164;;;;;;;;6110;557;16;6128
297;6134;571;10;6144;;;;;;;;6110;557;16;6128
298;6240;552;16;6256;;;;;;;;6110;558;16;6128
299;6084;586;20;6104;;;;;;;;6110;558;16;6128
300;6327;579;18;6345;;;;;;;;6111;558;16;6128
301;5915;518;14;5929;;;;;;;;6111;558;16;6128
302;5968;579;15;5983;;;;;;;;6111;558;16;6128
303;6093;586;15;6108;;;;;;;;6112;558;16;6128
304;6157;533;23;6180;;;;;;;;6112;558;16;6129
305;6176;587;20;6196;;;;;;;;6112;558;16;6129
306;6163;565;20;6183;;;;;;;;6112;558;16;6129
307;6072;535;21;6093;;;;;;;;6113;558;16;6129
308;6051;585;12;6063;;;;;;;;6113;558;16;6129
309;6041;551;20;6061;;;;;;;;6113;558;16;6130
310;6169;573;18;6187;;;;;;;;6113;558;16;6130
311;6170;589;17;6187;;;;;;;;6113;558;16;6130
312;6038;523;15;6053;;;;;;;;6113;558;16;6130
313;6202;557;17;6219;;;;;;;;6113;558;16;6130
314;6054;511;20;6074;;;;;;;;6113;558;16;6130
315;6043;565;23;6066;;;;;;;;6114;559;16;6131
316;6112;540;25;6137;;;;;;;;6114;559;16;6131
317;6185;600;19;6204;;;;;;;;6114;559;16;6131
318;6111;547;17;6128;;;;;;;;6114;559;16;6132
319;6148;623;20;6168;;;;;;;;6114;559;16;6132
320;6166;595;22;6188;;;;;;;;6115;559;16;6132
321;6199;556;11;6210;;;;;;;;6115;559;16;6133
322;6166;580;20;6186;;;;;;;;6115;559;16;6133
323;6018;573;16;6034;;;;;;;;6115;559;16;6134
324;6149;588;16;6165;;;;;;;;6115;559;16;6134
325;6222;526;18;6240;;;;;;;;6116;559;16;6135
326;6155;530;13;6168;;;;;;;;6117;559;16;6135
327;6209;548;20;6229;;;;;;;;6117;559;16;6135
328;6186;546;13;6199;;;;;;;;6117;559;16;6135
329;6132;563;16;6148;;;;;;;;6117;559;16;6135
330;6278;542;16;6294;;;;;;;;6117;559;16;6136
331;6048;554;21;6069;;;;;;;;6117;559;16;6136
332;6100;571;18;6118;;;;;;;;6117;559;16;6136
333;6146;589;8;6154;;;;;;;;6118;559;16;6136
334;6190;601;25;6215;;;;;;;;6118;560;16;6136
335;6081;593;26;6107;;;;;;;;6118;560;16;6137
336;6206;563;21;6227;;;;;;;;6118;560;16;6137
337;6032;592;20;6052;;;;;;;;6118;560;16;6137
338;6093;564;16;6109;;;;;;;;6118;560;16;6137
339;6051;559;19;6070;;;;;;;;6118;560;16;6137
340;6203;573;22;6225;;;;;;;;6119;560;16;6137
341;6183;579;19;6202;;;;;;;;6119;560;16;6138
342;6176;528;20;6196;;;;;;;;6119;560;16;6138
343;6166;584;23;6189;;;;;;;;6119;560;16;6138
344;6200;549;14;6214;;;;;;;;6120;560;16;6138
345;6164;579;23;6187;;;;;;;;6120;560;16;6138
346;6249;585;9;6258;;;;;;;;6120;560;16;6138
347;6169;557;14;6183;;;;;;;;6120;560;16;6139
348;6172;575;28;6200;;;;;;;;6120;560;16;6139
349;6150;577;15;6165;;;;;;;;6121;560;16;6139
350;6163;575;24;6187;;;;;;;;6121;560;16;6139
351;6093;574;18;6111;;;;;;;;6121;560;16;6139
352;6108;604;20;6128;;;;;;;;6122;560;16;6139
353;6102;513;14;6116;;;;;;;;6122;560;16;6139
354;6177;542;20;6197;;;;;;;;6122;560;16;6139
355;6246;570;19;6265;;;;;;;;6122;561;16;6140
356;6136;573;11;6147;;;;;;;;6122;561;16;6140
357;6108;502;17;6125;;;;;;;;6122;561;16;6140
358;6120;586;10;6130;;;;;;;;6122;561;16;6141
359;6184;532;18;6202;;;;;;;;6122;561;16;6141
360;6065;590;18;6083;;;;;;;;6123;561;16;6141
361;6212;600;12;6224;;;;;;;;6123;561;16;6141
362;5998;614;20;6018;;;;;;;;6123;561;17;6141
363;6178;550;16;6194;;;;;;;;6123;561;17;6141
364;6177;535;15;6192;;;;;;;;6123;561;17;6141
365;6182;568;12;6194;;;;;;;;6124;561;17;6141
366;6126;569;20;6146;;;;;;;;6124;561;17;6141
367;6210;541;18;6228;;;;;;;;6124;561;17;6142
368;6069;601;23;6092;;;;;;;;6124;561;17;6142
369;6167;572;23;6190;;;;;;;;6124;561;17;6142
370;6152;545;27;6179;;;;;;;;6124;561;17;6142
371;6139;575;30;6169;;;;;;;;6125;562;17;6142
372;5969;524;17;5986;;;;;;;;6125;562;17;6142
373;6202;594;25;6227;;;;;;;;6125;562;17;6142
374;6068;558;18;6086;;;;;;;;6125;562;17;6142
375;6142;567;17;6159;;;;;;;;6125;562;17;6142
376;6140;568;21;6161;;;;;;;;6126;562;17;6142
377;6201;559;18;6219;;;;;;;;6126;562;17;6143
378;6141;569;12;6153;;;;;;;;6126;562;17;6143
379;5969;530;17;5986;;;;;;;;6126;562;17;6143
380;6143;577;18;6161;;;;;;;;6126;563;17;6143
381;6198;567;14;6212;;;;;;;;6126;563;17;6144
382;6127;550;12;6139;;;;;;;;6126;563;17;6144
383;6126;571;16;6142;;;;;;;;6126;563;17;6144
384;6086;583;20;6106;;;;;;;;6126;563;17;6144
385;6089;595;19;6108;;;;;;;;6126;563;17;6144
386;6075;563;21;6096;;;;;;;;6126;563;17;6144
387;6024;549;25;6049;;;;;;;;6126;563;17;6144
388;6147;580;25;6172;;;;;;;;6127;563;17;6145
389;6114;531;26;6140;;;;;;;;6127;563;17;6145
390;6147;543;18;6165;;;;;;;;6127;563;17;6145
391;6073;576;25;6098;;;;;;;;6127;563;17;6145
392;6183;569;16;6199;;;;;;;;6127;563;17;6145
393;6092;574;17;6109;;;;;;;;6127;563;17;6145
394;6088;579;19;6107;;;;;;;;6127;563;17;6145
395;6111;570;17;6128;;;;;;;;6127;563;17;6146
396;6081;572;19;6100;;;;;;;;6127;563;17;6146
397;6206;566;17;6223;;;;;;;;6127;563;17;6146
398;6095;579;16;6111;;;;;;;;6127;563;17;6146
399;6135;558;16;6151;;;;;;;;6127;563;17;6146
400;6128;616;12;6140;;;;;;;;6128;564;17;6146
401;6097;572;14;6111;;;;;;;;6128;564;17;6147
402;6188;523;18;6206;;;;;;;;6128;564;17;6147
403;6234;581;14;6248;;;;;;;;6128;564;17;6147
404;6150;572;24;6174;;;;;;;;6129;564;17;6147
405;6126;589;16;6142;;;;;;;;6129;564;17;6147
406;6329;616;24;6353;;;;;;;;6129;564;17;6147
407;6181;549;19;6200;;;;;;;;6129;564;17;6148
408;6066;576;21;6087;;;;;;;;6129;564;17;6148
409;6160;560;13;6173;;;;;;;;6129;564;17;6148
410;6175;608;14;6189;;;;;;;;6129;564;17;6148
411;6179;610;21;6200;;;;;;;;6129;565;17;6148
412;6253;544;17;6270;;;;;;;;6130;565;17;6148
413;6068;550;19;6087;;;;;;;;6130;565;17;6148
414;6028;563;20;6048;;;;;;;;6130;565;17;6148
415;6256;584;18;6274;;;;;;;;6130;565;17;6149
416;6131;543;18;6149;;;;;;;;6130;565;17;6149
417;6117;577;19;6136;;;;;;;;6130;565;17;6149
418;6064;517;19;6083;;;;;;;;6130;565;17;6149
419;6132;589;19;6151;;;;;;;;6131;565;17;6149
420;6064;584;23;6087;;;;;;;;6131;565;17;6149
421;6095;564;14;6109;;;;;;;;6131;565;17;6149
422;6147;548;14;6161;;;;;;;;6131;565;17;6150
423;6140;560;21;6161;;;;;;;;6131;565;17;6150
424;6195;617;22;6217;;;;;;;;6131;565;17;6150
425;6091;586;21;6112;;;;;;;;6131;565;17;6150
426;6146;591;20;6166;;;;;;;;6132;565;17;6150
427;6252;611;24;6276;;;;;;;;6132;565;17;6151
428;6090;578;11;6101;;;;;;;;6132;565;17;6151
429;6185;598;11;6196;;;;;;;;6132;565;17;6151
430;6237;655;11;6248;;;;;;;;6132;565;17;6151
431;6130;578;22;6152;;;;;;;;6132;565;17;6151
432;6238;563;24;6262;;;;;;;;6132;566;17;6151
433;6198;583;12;6210;;;;;;;;6132;566;17;6151
434;6189;565;15;6204;;;;;;;;6132;566;17;6151
435;6176;560;16;6192;;;;;;;;6132;566;17;6151
436;6058;565;18;6076;;;;;;;;6133;566;17;6151
437;6171;563;13;6184;;;;;;;;6133;566;17;6152
438;6125;586;19;6144;;;;;;;;6133;566;17;6152
439;6171;532;14;6185;;;;;;;;6133;566;17;6152
440;6268;544;22;6290;;;;;;;;6133;566;17;6152
441;6179;548;15;6194;;;;;;;;6134;566;17;6152
442;6181;559;13;6194;;;;;;;;6134;566;17;6152
443;6130;566;13;6143;;;;;;;;6134;566;17;6152
444;6184;578;19;6203;;;;;;;;6134;566;17;6152
445;6147;564;17;6164;;;;;;;;6135;566;17;6152
446;6175;548;13;6188;;;;;;;;6135;566;17;6153
447;6122;619;19;6141;;;;;;;;6135;567;17;6153
448;6159;585;25;6184;;;;;;;;6135;567;17;6153
449;6175;557;26;6201;;;;;;;;6135;567;17;6153
450;6172;567;18;6190;;;;;;;;6135;567;17;6154
451;6132;594;19;6151;;;;;;;;6136;567;17;6154
452;6146;583;15;6161;;;;;;;;6136;567;17;6154
453;6118;557;9;6127;;;;;;;;6136;567;17;6154
454;6246;553;14;6260;;;;;;;;6137;567;17;6155
455;6173;605;17;6190;;;;;;;;6137;567;17;6155
456;6232;597;14;6246;;;;;;;;6137;567;17;6156
457;6107;550;16;6123;;;;;;;;6138;567;17;6156
458;6126;599;15;6141;;;;;;;;6138;567;17;6156
459;6121;568;17;6138;;;;;;;;6138;567;17;6156
460;6149;600;25;6174;;;;;;;;6138;567;17;6156
461;6143;597;17;6160;;;;;;;;6138;568;17;6157
462;6096;569;14;6110;;;;;;;;6139;568;17;6157
463;6089;614;18;6107;;;;;;;;6139;568;18;6157
464;6151;522;15;6166;;;;;;;;6139;568;18;6157
465;6082;586;21;6103;;;;;;;;6139;568;18;6157
466;6239;590;18;6257;;;;;;;;6139;568;18;6158
467;6164;563;13;6177;;;;;;;;6140;568;18;6158
468;6141;563;22;6163;;;;;;;;6140;568;18;6158
469;6153;573;26;6179;;;;;;;;6140;568;18;6158
470;6156;566;11;6167;;;;;;;;6140;568;18;6158
471;6175;535;16;6191;;;;;;;;6140;568;18;6158
472;6151;559;14;6165;;;;;;;;6141;568;18;6159
473;6114;557;14;6128;;;;;;;;6141;568;18;6159
474;6129;613;26;6155;;;;;;;;6141;568;18;6159
475;6086;538;13;6099;;;;;;;;6141;568;18;6159
476;6088;535;18;6106;;;;;;;;6141;568;18;6159
477;6044;527;13;6057;;;;;;;;6141;569;18;6159
478;6099;539;12;6111;;;;;;;;6141;569;18;6160
479;6117;615;12;6129;;;;;;;;6141;569;18;6160
480;6170;563;21;6191;;;;;;;;6141;569;18;6160
481;6103;589;27;6130;;;;;;;;6141;569;18;6160
482;6264;573;21;6285;;;;;;;;6142;569;18;6161
483;6198;544;15;6213;;;;;;;;6142;569;18;6161
484;6189;546;16;6205;;;;;;;;6142;569;18;6161
485;6123;548;19;6142;;;;;;;;6143;569;18;6161
486;6101;575;17;6118;;;;;;;;6143;569;18;6161
487;6272;607;17;6289;;;;;;;;6143;569;18;6161
488;6132;586;19;6151;;;;;;;;6143;569;18;6161
489;6144;642;20;6164;;;;;;;;6143;569;18;6161
490;6163;555;17;6180;;;;;;;;6143;569;18;6161
491;6090;573;16;6106;;;;;;;;6143;570;18;6161
492;6086;564;19;6105;;;;;;;;6144;570;18;6162
493;6084;557;19;6103;;;;;;;;6144;570;18;6162
494;6098;535;10;6108;;;;;;;;6144;570;18;6163
495;6019;592;19;6038;;;;;;;;6144;570;18;6163
496;6062;547;29;6091;;;;;;;;6144;570;18;6163
497;6041;585;17;6058;;;;;;;;6145;570;18;6163
498;6051;530;20;6071;;;;;;;;6145;570;18;6164
499;6178;564;18;6196;;;;;;;;6145;570;18;6164
500;6182;583;14;6196;;;;;;;;6145;570;18;6164
501;6087;569;19;6106;;;;;;;;6146;570;18;6164
502;6124;570;13;6137;;;;;;;;6146;570;18;6164
503;6247;571;20;6267;;;;;;;;6146;570;18;6164
504;6202;652;21;6223;;;;;;;;6146;570;18;6164
505;6130;552;12;6142;;;;;;;;6146;570;18;6165
506;6089;560;17;6106;;;;;;;;6146;570;18;6165
507;6201;595;21;6222;;;;;;;;6146;571;18;6165
508;6046;533;20;6066;;;;;;;;6146;571;18;6165
509;6211;554;11;6222;;;;;;;;6146;571;18;6165
510;6000;586;16;6016;;;;;;;;6147;571;18;6165
511;6101;603;24;6125;;;;;;;;6147;571;18;6165
512;6150;540;22;6172;;;;;;;;6147;571;18;6165
513;6146;557;21;6167;;;;;;;;6147;571;18;6166
514;6093;552;19;6112;;;;;;;;6147;571;18;6166
515;6122;581;15;6137;;;;;;;;6147;571;18;6166
516;6216;587;13;6229;;;;;;;;6147;571;18;6166
517;6107;586;20;6127;;;;;;;;6147;571;18;6166
518;6191;576;15;6206;;;;;;;;6147;571;18;6166
519;6144;567;23;6167;;;;;;;;6147;571;18;6166
520;6066;554;20;6086;;;;;;;;6147;571;18;6167
521;6177;577;20;6197;;;;;;;;6148;571;18;6167
522;6137;548;14;6151;;;;;;;;6148;571;18;6167
523;6127;569;23;6150;;;;;;;;6148;571;18;6167
524;6053;568;12;6065;;;;;;;;6148;571;18;6167
525;6094;619;16;6110;;;;;;;;6148;572;18;6167
526;6105;556;20;6125;;;;;;;;6148;572;18;6167
527;6189;554;22;6211;;;;;;;;6148;572;18;6167
528;6062;595;14;6076;;;;;;;;6148;572;18;6167
529;6191;628;25;6216;;;;;;;;6148;572;18;6167
530;6183;524;18;6201;;;;;;;;6148;572;18;6167
531;6117;552;14;6131;;;;;;;;6149;572;18;6167
532;6148;554;13;6161;;;;;;;;6149;572;18;6168
533;6085;582;30;6115;;;;;;;;6149;572;18;6168
534;6122;527;7;6129;;;;;;;;6149;572;18;6168
535;6172;564;16;6188;;;;;;;;6149;572;18;6168
536;6319;577;18;6337;;;;;;;;6150;572;18;6168
537;6056;578;20;6076;;;;;;;;6150;572;18;6168
538;6093;572;17;6110;;;;;;;;6150;572;18;6168
539;6099;589;17;6116;;;;;;;;6150;572;18;6168
540;6135;581;17;6152;;;;;;;;6150;572;18;6168
541;6194;633;23;6217;;;;;;;;6150;572;18;6169
542;6278;539;16;6294;;;;;;;;6150;572;18;6169
543;6163;579;15;6178;;;;;;;;6150;573;18;6169
544;6013;540;21;6034;;;;;;;;6150;573;18;6169
545;6057;580;20;6077;;;;;;;;6151;573;18;6169
546;6131;563;19;6150;;;;;;;;6151;573;18;6169
547;6130;559;26;6156;;;;;;;;6151;573;18;6170
548;6101;527;18;6119;;;;;;;;6151;573;18;6170
549;6103;587;24;6127;;;;;;;;6151;573;19;6170
550;6103;579;20;6123;;;;;;;;6152;573;19;6170
551;6217;561;9;6226;;;;;;;;6152;573;19;6170
552;6227;576;18;6245;;;;;;;;6152;573;19;6171
553;6225;596;26;6251;;;;;;;;6152;573;19;6171
554;6107;591;18;6125;;;;;;;;6152;573;19;6171
555;6135;597;17;6152;;;;;;;;6152;573;19;6171
556;6082;572;18;6100;;;;;;;;6152;573;19;6171
557;6138;556;15;6153;;;;;;;;6152;573;19;6171
558;6181;559;16;6197;;;;;;;;6153;573;19;6171
559;6332;611;16;6348;;;;;;;;6153;573;19;6172
560;6130;568;24;6154;;;;;;;;6153;573;19;6172
561;6053;547;16;6069;;;;;;;;6153;574;19;6172
562;6196;606;17;6213;;;;;;;;6153;574;19;6172
563;6168;590;17;6185;;;;;;;;6153;574;19;6172
564;6112;561;14;6126;;;;;;;;6154;574;19;6172
565;6311;564;22;6333;;;;;;;;6155;574;19;6172
566;6145;527;23;6168;;;;;;;;6155;574;19;6172
567;6155;561;20;6175;;;;;;;;6155;574;19;6173
568;6174;581;16;6190;;;;;;;;6155;574;19;6173
569;6123;580;23;6146;;;;;;;;6155;574;19;6174
570;6118;570;24;6142;;;;;;;;6155;574;19;6174
571;6146;554;18;6164;;;;;;;;6156;574;19;6174
572;5962;566;18;5980;;;;;;;;6156;575;19;6174
573;6043;579;14;6057;;;;;;;;6156;575;19;6175
574;6030;514;18;6048;;;;;;;;6156;575;19;6175
575;6179;603;19;6198;;;;;;;;6156;575;19;6175
576;6088;533;11;6099;;;;;;;;6156;575;19;6175
577;6095;558;17;6112;;;;;;;;6157;575;19;6175
578;6179;546;16;6195;;;;;;;;6157;575;19;6175
579;6178;602;18;6196;;;;;;;;6157;575;19;6175
580;6184;583;20;6204;;;;;;;;6157;575;19;6176
581;6167;544;22;6189;;;;;;;;6157;575;19;6176
582;6107;570;27;6134;;;;;;;;6157;575;19;6176
583;6123;607;13;6136;;;;;;;;6158;575;19;6176
584;6128;554;19;6147;;;;;;;;6158;576;19;6177
585;6050;580;24;6074;;;;;;;;6158;576;19;6177
586;6172;582;13;6185;;;;;;;;6158;576;19;6177
587;6200;589;15;6215;;;;;;;;6159;576;19;6177
588;6035;549;18;6053;;;;;;;;6159;576;19;6177
589;6215;544;15;6230;;;;;;;;6159;576;19;6178
590;6127;600;18;6145;;;;;;;;6159;576;19;6178
591;6106;548;11;6117;;;;;;;;6160;576;19;6178
592;6108;576;10;6118;;;;;;;;6160;576;19;6178
593;6186;547;12;6198;;;;;;;;6160;576;19;6178
594;6226;560;22;6248;;;;;;;;6160;576;19;6178
595;6058;565;22;6080;;;;;;;;6160;576;19;6178
596;6056;566;12;6068;;;;;;;;6160;576;19;6179
597;6127;553;17;6144;;;;;;;;6160;576;19;6179
598;6164;595;12;6176;;;;;;;;6161;576;19;6179
599;6126;561;25;6151;;;;;;;;6161;577;19;6179
600;6202;591;11;6213;;;;;;;;6161;577;19;6179
601;6095;561;16;6111;;;;;;;;6162;577;19;6180
602;6227;606;25;6252;;;;;;;;6162;577;19;6180
603;6225;521;21;6246;;;;;;;;6162;577;19;6180
604;6084;547;21;6105;;;;;;;;6162;577;19;6180
605;6160;599;20;6180;;;;;;;;6162;577;19;6180
606;6049;583;16;6065;;;;;;;;6162;577;19;6180
607;6122;548;20;6142;;;;;;;;6162;577;19;6180
608;6162;609;22;6184;;;;;;;;6162;577;19;6181
609;6299;596;13;6312;;;;;;;;6162;577;19;6181
610;6127;562;27;6154;;;;;;;;6162;577;19;6182
611;6115;592;26;6141;;;;;;;;6162;577;19;6182
612;6286;540;11;6297;;;;;;;;6163;577;19;6182
613;6140;559;17;6157;;;;;;;;6163;577;19;6182
614;6235;572;20;6255;;;;;;;;6163;577;19;6182
615;6172;538;27;6199;;;;;;;;6163;577;19;6183
616;6135;573;22;6157;;;;;;;;6163;578;19;6183
617;6145;574;17;6162;;;;;;;;6163;578;19;6183
618;6072;526;19;6091;;;;;;;;6163;578;19;6183
619;6148;596;24;6172;;;;;;;;6164;578;19;6183
620;6117;581;19;6136;;;;;;;;6164;578;19;6184
621;6160;578;19;6179;;;;;;;;6164;578;19;6184
622;6241;595;23;6264;;;;;;;;6164;578;19;6184
623;6167;615;23;6190;;;;;;;;6164;578;19;6184
624;6126;554;11;6137;;;;;;;;6165;578;19;6184
625;6216;583;13;6229;;;;;;;;6165;578;19;6184
626;6029;587;24;6053;;;;;;;;6165;578;19;6184
627;6100;573;12;6112;;;;;;;;6165;578;19;6184
628;6243;589;24;6267;;;;;;;;6165;578;19;6185
629;6244;589;19;6263;;;;;;;;6166;579;19;6185
630;6056;554;19;6075;;;;;;;;6166;579;19;6185
631;6129;584;20;6149;;;;;;;;6166;579;19;6185
632;6147;599;18;6165;;;;;;;;6166;579;19;6185
633;6078;613;22;6100;;;;;;;;6167;579;20;6185
634;6227;565;22;6249;;;;;;;;6167;579;20;6185
635;6086;561;25;6111;;;;;;;;6167;579;20;6185
636;6132;558;16;6148;;;;;;;;6167;579;20;6186
637;6102;542;10;6112;;;;;;;;6167;579;20;6186
638;6050;571;20;6070;;;;;;;;6168;579;20;6186
639;6141;568;20;6161;;;;;;;;6168;579;20;6186
640;6172;583;19;6191;;;;;;;;6168;579;20;6186
641;6109;520;12;6121;;;;;;;;6168;579;20;6187
642;6080;589;12;6092;;;;;;;;6168;579;20;6187
643;6159;544;16;6175;;;;;;;;6169;579;20;6187
644;6049;556;14;6063;;;;;;;;6169;579;20;6187
645;6264;558;17;6281;;;;;;;;6169;579;20;6187
646;6161;568;24;6185;;;;;;;;6169;579;20;6187
647;6244;591;20;6264;;;;;;;;6170;579;20;6188
648;6104;567;16;6120;;;;;;;;6170;579;20;6188
649;6203;633;19;6222;;;;;;;;6170;579;20;6188
650;6143;622;23;6166;;;;;;;;6170;580;20;6188
651;6245;570;16;6261;;;;;;;;6170;580;20;6189
652;6077;556;21;6098;;;;;;;;6170;580;20;6189
653;6105;598;15;6120;;;;;;;;6171;580;20;6189
654;6113;547;14;6127;;;;;;;;6171;580;20;6189
655;6126;553;15;6141;;;;;;;;6171;580;20;6190
656;6100;560;17;6117;;;;;;;;6171;580;20;6190
657;6146;545;13;6159;;;;;;;;6171;580;20;6190
658;6123;559;15;6138;;;;;;;;6171;580;20;6190
659;6156;575;16;6172;;;;;;;;6172;580;20;6190
660;6168;554;16;6184;;;;;;;;6172;580;20;6190
661;6054;533;21;6075;;;;;;;;6172;580;20;6190
662;6165;558;15;6180;;;;;;;;6172;580;20;6190
663;6083;550;17;6100;;;;;;;;6172;580;20;6190
664;6140;591;26;6166;;;;;;;;6172;580;20;6190
665;6125;598;20;6145;;;;;;;;6172;580;20;6191
666;6141;580;20;6161;;;;;;;;6172;581;20;6191
667;6087;533;13;6100;;;;;;;;6172;581;20;6191
668;6168;565;26;6194;;;;;;;;6173;581;20;6191
669;6241;581;20;6261;;;;;;;;6173;581;20;6191
670;5984;561;33;6017;;;;;;;;6173;581;20;6191
671;6146;594;18;6164;;;;;;;;6173;581;20;6191
672;6176;546;11;6187;;;;;;;;6174;581;20;6191
673;6172;594;16;6188;;;;;;;;6174;581;20;6191
674;6185;569;21;6206;;;;;;;;6174;581;20;6191
675;6156;587;19;6175;;;;;;;;6174;581;20;6192
676;6192;543;19;6211;;;;;;;;6174;581;20;6192
677;6064;530;20;6084;;;;;;;;6174;581;20;6192
678;6073;515;19;6092;;;;;;;;6175;581;20;6192
679;6226;589;12;6238;;;;;;;;6175;581;20;6192
680;6025;566;19;6044;;;;;;;;6175;581;20;6192
681;6192;598;21;6213;;;;;;;;6175;581;20;6192
682;6211;546;10;6221;;;;;;;;6175;581;20;6192
683;6125;549;20;6145;;;;;;;;6175;582;20;6192
684;6193;549;16;6209;;;;;;;;6175;582;20;6193
685;6129;556;23;6152;;;;;;;;6175;582;20;6193
686;6186;580;10;6196;;;;;;;;6175;582;20;6194
687;6198;573;15;6213;;;;;;;;6176;582;20;6194
688;6198;558;19;6217;;;;;;;;6176;582;20;6194
689;6101;534;14;6115;;;;;;;;6176;582;20;6194
690;6245;620;17;6262;;;;;;;;6176;582;20;6194
691;6170;546;13;6183;;;;;;;;6176;582;20;6194
692;6277;586;11;6288;;;;;;;;6176;582;20;6195
693;6159;539;19;6178;;;;;;;;6177;583;20;6195
694;6267;550;17;6284;;;;;;;;6177;583;20;6195
695;6171;593;15;6186;;;;;;;;6177;583;20;6195
696;6214;536;19;6233;;;;;;;;6177;583;20;6195
697;6243;576;15;6258;;;;;;;;6177;583;20;6196
698;6150;542;16;6166;;;;;;;;6177;583;20;6196
699;6162;584;20;6182;;;;;;;;6178;583;20;6196
700;6205;603;24;6229;;;;;;;;6178;583;20;6196
701;6102;541;17;6119;;;;;;;;6178;583;20;6196
702;6177;602;18;6195;;;;;;;;6178;583;20;6196
703;6103;559;21;6124;;;;;;;;6178;583;20;6196
704;6141;560;10;6151;;;;;;;;6178;583;20;6196
705;6157;553;16;6173;;;;;;;;6179;583;20;6197
706;6240;610;26;6266;;;;;;;;6179;583;20;6197
707;6186;584;20;6206;;;;;;;;6179;583;20;6197
708;6125;563;22;6147;;;;;;;;6179;583;20;6197
709;6099;556;18;6117;;;;;;;;6179;583;20;6197
710;6175;565;22;6197;;;;;;;;6179;584;20;6197
711;6103;565;12;6115;;;;;;;;6180;584;20;6198
712;6150;570;29;6179;;;;;;;;6180;584;20;6198
713;6079;560;15;6094;;;;;;;;6180;584;20;6198
714;6080;569;23;6103;;;;;;;;6180;584;20;6198
715;6205;584;16;6221;;;;;;;;6180;584;20;6198
716;6238;588;23;6261;;;;;;;;6180;584;20;6199
717;6123;549;10;6133;;;;;;;;6181;584;20;6199
718;6248;580;26;6274;;;;;;;;6181;584;20;6199
719;6172;593;21;6193;;;;;;;;6181;584;20;6199
720;6033;523;15;6048;;;;;;;;6181;584;20;6199
721;6135;554;17;6152;;;;;;;;6181;584;21;6199
722;6208;575;11;6219;;;;;;;;6181;584;21;6199
723;6107;571;16;6123;;;;;;;;6181;584;21;6200
724;6171;566;21;6192;;;;;;;;6182;584;21;6200
725;6063;557;17;6080;;;;;;;;6182;584;21;6200
726;6092;588;18;6110;;;;;;;;6182;584;21;6201
727;6136;560;26;6162;;;;;;;;6183;584;21;6201
728;6109;579;22;6131;;;;;;;;6183;585;21;6201
729;6121;566;18;6139;;;;;;;;6183;585;21;6201
730;6167;563;17;6184;;;;;;;;6183;585;21;6201
731;6001;565;14;6015;;;;;;;;6183;585;21;6201
732;6107;554;32;6139;;;;;;;;6183;585;21;6202
733;6133;626;26;6159;;;;;;;;6183;585;21;6202
734;6112;560;8;6120;;;;;;;;6184;585;21;6202
735;6129;580;22;6151;;;;;;;;6184;585;21;6202
736;6163;584;19;6182;;;;;;;;6184;585;21;6202
737;6133;579;13;6146;;;;;;;;6184;586;21;6202
738;6045;560;22;6067;;;;;;;;6185;586;21;6202
739;6220;619;24;6244;;;;;;;;6185;586;21;6203
740;6134;575;17;6151;;;;;;;;6185;586;21;6203
741;6188;537;22;6210;;;;;;;;6185;586;21;6203
742;6077;557;18;6095;;;;;;;;6185;586;21;6203
743;6125;523;24;6149;;;;;;;;6185;586;21;6204
744;6205;581;15;6220;;;;;;;;6185;586;21;6204
745;6183;577;19;6202;;;;;;;;6186;586;21;6204
746;6162;559;16;6178;;;;;;;;6186;586;21;6204
747;6185;582;16;6201;;;;;;;;6186;586;21;6204
748;6212;589;15;6227;;;;;;;;6186;586;21;6204
749;6228;581;13;6241;;;;;;;;6186;586;21;6204
750;6214;551;25;6239;;;;;;;;6186;586;21;6205
751;6209;576;23;6232;;;;;;;;6186;586;21;6205
752;6204;592;27;6231;;;;;;;;6186;586;21;6205
753;6152;594;16;6168;;;;;;;;6187;586;21;6205
754;6152;515;16;6168;;;;;;;;6187;586;21;6206
755;6174;582;23;6197;;;;;;;;6187;586;21;6206
756;6073;571;15;6088;;;;;;;;6187;587;21;6206
757;6101;572;13;6114;;;;;;;;6187;587;21;6206
758;6049;583;20;6069;;;;;;;;6188;587;21;6206
759;6109;553;17;6126;;;;;;;;6188;587;21;6207
760;6175;582;17;6192;;;;;;;;6188;587;21;6207
761;6156;586;16;6172;;;;;;;;6189;587;21;6207
762;6261;618;24;6285;;;;;;;;6189;587;21;6208
763;6137;594;22;6159;;;;;;;;6189;587;21;6208
764;6064;602;21;6085;;;;;;;;6189;587;21;6208
765;6155;586;20;6175;;;;;;;;6190;587;21;6208
766;6051;573;21;6072;;;;;;;;6190;587;21;6209
767;6148;549;18;6166;;;;;;;;6190;587;21;6209
768;6203;539;14;6217;;;;;;;;6191;587;21;6209
769;6110;618;16;6126;;;;;;;;6191;587;21;6209
770;6187;595;18;6205;;;;;;;;6191;588;21;6209
771;6228;594;22;6250;;;;;;;;6191;588;21;6210
772;6220;606;11;6231;;;;;;;;6191;588;21;6210
773;6274;590;17;6291;;;;;;;;6191;588;21;6210
774;6097;573;16;6113;;;;;;;;6192;588;21;6210
775;6142;565;15;6157;;;;;;;;6192;588;21;6211
776;6089;616;18;6107;;;;;;;;6192;588;21;6211
777;6141;556;20;6161;;;;;;;;6193;588;21;6211
778;6233;598;19;6252;;;;;;;;6193;589;21;6211
779;6179;571;19;6198;;;;;;;;6194;589;21;6212
780;6161;580;16;6177;;;;;;;;6194;589;21;6212
781;6143;571;17;6160;;;;;;;;6194;589;21;6212
782;6170;564;21;6191;;;;;;;;6194;589;21;6212
783;6256;543;25;6281;;;;;;;;6195;589;21;6212
784;6247;541;15;6262;;;;;;;;6195;589;21;6212
785;6079;550;25;6104;;;;;;;;6195;589;21;6213
786;6062;591;19;6081;;;;;;;;6195;589;21;6213
787;6197;640;29;6226;;;;;;;;6196;589;21;6213
788;6042;587;17;6059;;;;;;;;6196;589;22;6213
789;6094;543;10;6104;;;;;;;;6196;589;22;6213
790;6220;524;14;6234;;;;;;;;6196;589;22;6214
791;6035;561;17;6052;;;;;;;;6196;589;22;6214
792;6135;611;20;6155;;;;;;;;6196;589;22;6214
793;6046;571;19;6065;;;;;;;;6197;590;22;6214
794;6156;571;22;6178;;;;;;;;6197;590;22;6215
795;6105;555;20;6125;;;;;;;;6197;590;22;6215
796;6178;581;16;6194;;;;;;;;6197;590;22;6215
797;6176;606;20;6196;;;;;;;;6198;590;22;6216
798;6021;546;17;6038;;;;;;;;6198;590;22;6216
799;6286;612;22;6308;;;;;;;;6198;590;22;6216
800;6120;581;18;6138;;;;;;;;6198;590;22;6216
801;6162;576;19;6181;;;;;;;;6198;590;22;6217
802;6078;552;9;6087;;;;;;;;6198;591;22;6217
803;6147;548;21;6168;;;;;;;;6199;591;22;6217
804;6106;557;21;6127;;;;;;;;6199;591;22;6217
805;6147;586;20;6167;;;;;;;;6200;591;22;6217
806;6276;537;20;6296;;;;;;;;6200;591;22;6217
807;6196;563;20;6216;;;;;;;;6200;591;22;6217
808;6186;581;16;6202;;;;;;;;6201;591;22;6218
809;6212;601;20;6232;;;;;;;;6201;591;22;6218
810;6138;608;23;6161;;;;;;;;6201;591;22;6219
811;6146;587;21;6167;;;;;;;;6201;592;22;6219
812;6200;605;24;6224;;;;;;;;6202;592;22;6219
813;6075;590;17;6092;;;;;;;;6202;592;22;6219
814;6133;582;19;6152;;;;;;;;6202;592;22;6219
815;6112;578;17;6129;;;;;;;;6202;592;22;6219
816;6398;566;17;6415;;;;;;;;6202;592;22;6220
817;6334;589;18;6352;;;;;;;;6202;592;22;6220
818;6186;561;15;6201;;;;;;;;6202;592;22;6220
819;6091;540;21;6112;;;;;;;;6203;592;22;6221
820;6168;568;17;6185;;;;;;;;6203;593;22;6221
821;6094;573;18;6112;;;;;;;;6203;593;22;6221
822;6236;550;13;6249;;;;;;;;6203;593;22;6221
823;6187;563;22;6209;;;;;;;;6203;593;22;6222
824;6147;572;20;6167;;;;;;;;6203;593;22;6222
825;6189;547;15;6204;;;;;;;;6203;593;22;6222
826;6090;549;13;6103;;;;;;;;6204;593;22;6223
827;6196;577;16;6212;;;;;;;;6204;593;22;6223
828;6075;546;27;6102;;;;;;;;6204;594;22;6223
829;6187;557;22;6209;;;;;;;;6204;594;22;6223
830;6190;596;24;6214;;;;;;;;6204;594;22;6223
831;6271;623;13;6284;;;;;;;;6205;594;22;6224
832;6079;562;18;6097;;;;;;;;6205;594;22;6224
833;6119;555;16;6135;;;;;;;;6205;594;22;6224
834;6039;598;24;6063;;;;;;;;6206;594;22;6224
835;6151;604;17;6168;;;;;;;;6206;594;22;6224
836;6165;564;17;6182;;;;;;;;6206;594;22;6224
837;6088;593;32;6120;;;;;;;;6208;594;22;6224
838;6152;525;12;6164;;;;;;;;6208;594;22;6224
839;6127;558;22;6149;;;;;;;;6208;594;22;6225
840;6146;575;13;6159;;;;;;;;6209;594;22;6225
841;5969;554;29;5998;;;;;;;;6209;594;22;6225
842;6126;558;23;6149;;;;;;;;6209;594;22;6226
843;6225;602;22;6247;;;;;;;;6210;595;22;6226
844;6124;558;18;6142;;;;;;;;6210;595;23;6226
845;6194;576;25;6219;;;;;;;;6210;595;23;6227
846;6152;588;15;6167;;;;;;;;6210;595;23;6227
847;6259;592;15;6274;;;;;;;;6210;595;23;6227
848;6203;583;14;6217;;;;;;;;6210;595;23;6227
849;6122;579;19;6141;;;;;;;;6211;595;23;6228
850;6204;584;19;6223;;;;;;;;6211;595;23;6229
851;6117;591;20;6137;;;;;;;;6211;595;23;6229
852;6194;570;15;6209;;;;;;;;6212;595;23;6229
853;6196;644;18;6214;;;;;;;;6212;595;23;6229
854;6191;573;17;6208;;;;;;;;6212;595;23;6229
855;6078;523;16;6094;;;;;;;;6212;596;23;6229
856;6173;579;17;6190;;;;;;;;6212;596;23;6229
857;6204;613;20;6224;;;;;;;;6212;596;23;6229
858;6031;563;14;6045;;;;;;;;6212;596;23;6230
859;6210;619;22;6232;;;;;;;;6212;596;23;6230
860;6214;573;24;6238;;;;;;;;6213;596;23;6231
861;6217;531;12;6229;;;;;;;;6214;596;23;6231
862;6023;539;18;6041;;;;;;;;6214;596;23;6231
863;6351;585;20;6371;;;;;;;;6214;596;23;6231
864;6157;559;15;6172;;;;;;;;6214;597;23;6231
865;6113;567;24;6137;;;;;;;;6215;597;23;6232
866;6232;589;19;6251;;;;;;;;6215;597;23;6232
867;5991;577;17;6008;;;;;;;;6215;597;23;6232
868;6066;599;21;6087;;;;;;;;6216;597;23;6232
869;6276;583;15;6291;;;;;;;;6216;597;23;6233
870;6103;547;22;6125;;;;;;;;6216;597;23;6233
871;6141;567;17;6158;;;;;;;;6216;597;23;6233
872;6115;570;13;6128;;;;;;;;6217;597;23;6233
873;6134;600;18;6152;;;;;;;;6217;598;23;6234
874;6090;535;16;6106;;;;;;;;6217;598;23;6235
875;6028;567;17;6045;;;;;;;;6219;598;23;6237
876;6126;569;13;6139;;;;;;;;6220;598;24;6237
877;6111;545;8;6119;;;;;;;;6220;598;24;6238
878;6144;594;21;6165;;;;;;;;6220;598;24;6238
879;6131;597;16;6147;;;;;;;;6220;598;24;6239
880;6131;584;15;6146;;;;;;;;6220;599;24;6240
881;6162;591;29;6191;;;;;;;;6220;599;24;6240
882;6248;536;14;6262;;;;;;;;6222;599;24;6241
883;6185;570;17;6202;;;;;;;;6222;599;24;6241
884;6141;570;28;6169;;;;;;;;6224;599;24;6241
885;6016;519;16;6032;;;;;;;;6224;599;24;6242
886;6044;570;25;6069;;;;;;;;6225;599;24;6243
887;6115;598;17;6132;;;;;;;;6225;599;24;6244
888;5887;536;14;5901;;;;;;;;6225;600;24;6245
889;6252;524;10;6262;;;;;;;;6226;600;24;6246
890;6150;568;15;6165;;;;;;;;6226;600;24;6246
891;6153;559;24;6177;;;;;;;;6226;600;24;6246
892;6191;550;17;6208;;;;;;;;6227;600;24;6247
893;6106;585;19;6125;;;;;;;;6227;600;24;6247
894;6183;602;20;6203;;;;;;;;6227;600;24;6248
895;6267;555;18;6285;;;;;;;;6228;600;24;6248
896;6158;536;19;6177;;;;;;;;6228;601;24;6248
897;6020;555;18;6038;;;;;;;;6228;601;24;6248
898;6081;543;21;6102;;;;;;;;6229;601;24;6249
899;6100;577;16;6116;;;;;;;;6232;601;24;6249
900;6311;602;14;6325;;;;;;;;6232;601;24;6249
901;5999;568;14;6013;;;;;;;;6232;601;24;6250
902;6158;588;21;6179;;;;;;;;6233;602;24;6251
903;6167;568;15;6182;;;;;;;;6233;602;24;6251
904;6088;602;13;6101;;;;;;;;6234;602;24;6252
905;6297;611;15;6312;;;;;;;;6235;602;24;6252
906;6235;525;18;6253;;;;;;;;6235;602;24;6253
907;6147;534;22;6169;;;;;;;;6235;602;24;6253
908;6260;563;24;6284;;;;;;;;6236;602;24;6253
909;6243;572;14;6257;;;;;;;;6236;602;24;6253
910;6149;547;18;6167;;;;;;;;6236;602;24;6253
911;6238;594;15;6253;;;;;;;;6237;602;24;6254
912;6119;567;20;6139;;;;;;;;6237;603;24;6254
913;6201;602;16;6217;;;;;;;;6237;603;24;6255
914;6133;594;14;6147;;;;;;;;6237;603;24;6255
915;6059;554;26;6085;;;;;;;;6238;603;25;6256
916;6208;551;11;6219;;;;;;;;6238;604;25;6256
917;6164;569;20;6184;;;;;;;;6238;604;25;6257
918;6132;562;16;6148;;;;;;;;6238;604;25;6257
919;6206;599;18;6224;;;;;;;;6239;604;25;6258
920;6075;602;17;6092;;;;;;;;6240;605;25;6258
921;6139;560;11;6150;;;;;;;;6240;605;25;6258
922;6152;595;25;6177;;;;;;;;6240;605;25;6259
923;6088;565;18;6106;;;;;;;;6240;606;25;6259
924;6127;560;12;6139;;;;;;;;6240;606;25;6260
925;6150;584;20;6170;;;;;;;;6241;606;25;6260
926;6124;535;21;6145;;;;;;;;6241;606;25;6261
927;6177;561;15;6192;;;;;;;;6243;606;25;6261
928;6104;521;26;6130;;;;;;;;6243;606;25;6261
929;6150;546;17;6167;;;;;;;;6243;607;25;6261
930;6202;596;19;6221;;;;;;;;6244;607;25;6262
931;6101;590;10;6111;;;;;;;;6244;607;25;6262
932;6175;579;15;6190;;;;;;;;6244;607;25;6262
933;6139;576;18;6157;;;;;;;;6244;607;25;6262
934;6142;541;14;6156;;;;;;;;6244;608;25;6262
935;6169;583;22;6191;;;;;;;;6245;608;25;6262
936;6222;554;19;6241;;;;;;;;6245;609;25;6262
937;6148;527;19;6167;;;;;;;;6246;609;25;6262
938;6119;559;14;6133;;;;;;;;6246;609;25;6263
939;6074;560;16;6090;;;;;;;;6246;609;25;6263
940;6144;613;21;6165;;;;;;;;6246;610;25;6264
941;6041;573;20;6061;;;;;;;;6247;610;25;6264
942;6110;528;16;6126;;;;;;;;6247;610;25;6265
943;6232;590;21;6253;;;;;;;;6248;610;25;6265
944;6085;588;25;6110;;;;;;;;6248;611;25;6265
945;6083;532;25;6108;;;;;;;;6248;611;25;6266
946;6095;560;14;6109;;;;;;;;6249;611;25;6267
947;6157;600;21;6178;;;;;;;;6249;611;25;6267
948;6235;563;18;6253;;;;;;;;6250;611;25;6268
949;6089;563;17;6106;;;;;;;;6252;612;26;6269
950;6061;583;14;6075;;;;;;;;6252;612;26;6270
951;6174;604;15;6189;;;;;;;;6252;613;26;6271
952;6098;564;13;6111;;;;;;;;6253;613;26;6273
953;6326;610;23;6349;;;;;;;;6255;613;26;6274
954;6116;570;22;6138;;;;;;;;6256;613;26;6274
955;6215;594;17;6232;;;;;;;;6256;613;26;6274
956;6171;559;14;6185;;;;;;;;6256;613;26;6276
957;6098;538;24;6122;;;;;;;;6259;614;26;6279
958;6215;533;16;6231;;;;;;;;6260;614;26;6280
959;6244;585;18;6262;;;;;;;;6261;614;26;6280
960;6108;552;14;6122;;;;;;;;6263;615;26;6281
961;6065;586;25;6090;;;;;;;;6263;615;26;6281
962;6284;617;21;6305;;;;;;;;6264;615;26;6283
963;6220;614;17;6237;;;;;;;;6264;615;26;6284
964;6064;552;19;6083;;;;;;;;6264;615;26;6284
965;6008;578;17;6025;;;;;;;;6267;615;26;6284
966;6103;613;8;6111;;;;;;;;6267;616;26;6285
967;6129;579;12;6141;;;;;;;;6267;616;26;6285
968;6191;578;18;6209;;;;;;;;6268;616;26;6285
969;6211;569;16;6227;;;;;;;;6269;617;26;6286
970;6153;542;15;6168;;;;;;;;6271;617;26;6288
971;6121;553;23;6144;;;;;;;;6272;617;27;6289
972;6152;566;17;6169;;;;;;;;6272;618;27;6290
973;6269;584;17;6286;;;;;;;;6274;618;27;6291
974;6214;581;19;6233;;;;;;;;6276;618;27;6291
975;6113;552;25;6138;;;;;;;;6276;619;27;6291
976;6213;556;18;6231;;;;;;;;6276;619;27;6294
977;6046;569;17;6063;;;;;;;;6277;619;27;6294
978;6161;581;25;6186;;;;;;;;6278;619;27;6296
979;6113;580;19;6132;;;;;;;;6278;620;27;6296
980;6212;584;12;6224;;;;;;;;6278;620;27;6297
981;6127;525;9;6136;;;;;;;;6284;621;28;6298
982;6098;607;29;6127;;;;;;;;6286;622;28;6303
983;6202;583;14;6216;;;;;;;;6286;623;28;6305
984;6109;538;20;6129;;;;;;;;6289;623;28;6308
985;6124;549;11;6135;;;;;;;;6291;626;29;6312
986;6055;600;18;6073;;;;;;;;6297;628;29;6312
987;6233;580;22;6255;;;;;;;;6299;629;29;6312
988;6118;561;13;6131;;;;;;;;6311;629;29;6325
989;6143;612;21;6164;;;;;;;;6311;633;29;6333
990;6039;544;21;6060;;;;;;;;6314;633;29;6334
991;6068;568;17;6085;;;;;;;;6319;633;30;6337
992;6019;566;17;6036;;;;;;;;6326;634;30;6345
993;6100;537;12;6112;;;;;;;;6327;634;30;6348
994;6147;594;20;6167;;;;;;;;6329;640;30;6349
995;6051;551;24;6075;;;;;;;;6332;642;30;6352
996;6126;541;22;6148;;;;;;;;6334;644;32;6353
997;6137;533;19;6156;;;;;;;;6351;652;32;6371
998;6212;524;17;6229;;;;;;;;6376;652;33;6386
999;6081;567;15;6096;;;;;;;;6398;655;34;6415
